run_id,family,num_days,schedule_name,schedule_str,n_pairs,P_end,n_cleared,n_stable,n_fixated,frac_cleared,frac_stable,frac_fixated
8b95552f-abd6-40bf-9126-a20db4a51a4d,all,100,switch_K0,EEEEEEEEEEEEEEEEEEEEEEEEEEEEEEEEEEEEEEEEEEEEEEEEEEEEEEEEEEEEEEEEEEEEEEEEEEEEEEEEEEEEEEEEEEEEEEEEEEEE,1121,0.6601248884924175,505,281,335,0.4504906333630687,0.2506690454950936,0.2988403211418377
8b95552f-abd6-40bf-9126-a20db4a51a4d,all,100,switch_K5,GGGGGEEEEEEEEEEEEEEEEEEEEEEEEEEEEEEEEEEEEEEEEEEEEEEEEEEEEEEEEEEEEEEEEEEEEEEEEEEEEEEEEEEEEEEEEEEEEEEE,1121,0.6681534344335415,509,293,319,0.4540588760035682,0.2613737734165923,0.2845673505798394
8b95552f-abd6-40bf-9126-a20db4a51a4d,all,100,switch_K10,GGGGGGGGGGEEEEEEEEEEEEEEEEEEEEEEEEEEEEEEEEEEEEEEEEEEEEEEEEEEEEEEEEEEEEEEEEEEEEEEEEEEEEEEEEEEEEEEEEEE,1121,0.6752899197145406,518,292,311,0.4620874219446922,0.2604817127564674,0.2774308652988403
8b95552f-abd6-40bf-9126-a20db4a51a4d,all,100,switch_K15,GGGGGGGGGGGGGGGEEEEEEEEEEEEEEEEEEEEEEEEEEEEEEEEEEEEEEEEEEEEEEEEEEEEEEEEEEEEEEEEEEEEEEEEEEEEEEEEEEEEE,1121,0.6779661016949152,521,304,296,0.4647636039250669,0.2711864406779661,0.264049955396967
8b95552f-abd6-40bf-9126-a20db4a51a4d,all,100,switch_K20,GGGGGGGGGGGGGGGGGGGGEEEEEEEEEEEEEEEEEEEEEEEEEEEEEEEEEEEEEEEEEEEEEEEEEEEEEEEEEEEEEEEEEEEEEEEEEEEEEEEE,1121,0.6833184656556646,523,320,278,0.4665477252453167,0.2854594112399643,0.247992863514719
8b95552f-abd6-40bf-9126-a20db4a51a4d,all,100,switch_K25,GGGGGGGGGGGGGGGGGGGGGGGGGEEEEEEEEEEEEEEEEEEEEEEEEEEEEEEEEEEEEEEEEEEEEEEEEEEEEEEEEEEEEEEEEEEEEEEEEEEE,1121,0.6842105263157895,524,338,259,0.4674397859054415,0.3015165031222123,0.2310437109723461
8b95552f-abd6-40bf-9126-a20db4a51a4d,all,100,switch_K30,GGGGGGGGGGGGGGGGGGGGGGGGGGGGGGEEEEEEEEEEEEEEEEEEEEEEEEEEEEEEEEEEEEEEEEEEEEEEEEEEEEEEEEEEEEEEEEEEEEEE,1121,0.6886708296164139,521,357,243,0.4647636039250669,0.3184656556645852,0.2167707404103479
8b95552f-abd6-40bf-9126-a20db4a51a4d,all,100,switch_K35,GGGGGGGGGGGGGGGGGGGGGGGGGGGGGGGGGGGEEEEEEEEEEEEEEEEEEEEEEEEEEEEEEEEEEEEEEEEEEEEEEEEEEEEEEEEEEEEEEEEE,1121,0.6975914362176628,525,373,223,0.4683318465655665,0.3327386262265834,0.1989295272078501
8b95552f-abd6-40bf-9126-a20db4a51a4d,all,100,switch_K40,GGGGGGGGGGGGGGGGGGGGGGGGGGGGGGGGGGGGGGGGEEEEEEEEEEEEEEEEEEEEEEEEEEEEEEEEEEEEEEEEEEEEEEEEEEEEEEEEEEEE,1121,0.6984834968777877,525,391,205,0.4683318465655665,0.3487957181088314,0.1828724353256021
8b95552f-abd6-40bf-9126-a20db4a51a4d,all,100,switch_K45,GGGGGGGGGGGGGGGGGGGGGGGGGGGGGGGGGGGGGGGGGGGGGEEEEEEEEEEEEEEEEEEEEEEEEEEEEEEEEEEEEEEEEEEEEEEEEEEEEEEE,1121,0.6984834968777877,527,407,187,0.4701159678858162,0.3630686886708296,0.1668153434433541
8b95552f-abd6-40bf-9126-a20db4a51a4d,all,100,switch_K50,GGGGGGGGGGGGGGGGGGGGGGGGGGGGGGGGGGGGGGGGGGGGGGGGGGEEEEEEEEEEEEEEEEEEEEEEEEEEEEEEEEEEEEEEEEEEEEEEEEEE,1121,0.7047279214986619,538,414,169,0.47992863514719,0.3693131132917038,0.1507582515611061
8b95552f-abd6-40bf-9126-a20db4a51a4d,all,100,switch_K55,GGGGGGGGGGGGGGGGGGGGGGGGGGGGGGGGGGGGGGGGGGGGGGGGGGGGGGGEEEEEEEEEEEEEEEEEEEEEEEEEEEEEEEEEEEEEEEEEEEEE,1121,0.7100802854594113,549,418,154,0.4897413024085638,0.3728813559322034,0.1373773416592328
8b95552f-abd6-40bf-9126-a20db4a51a4d,all,100,switch_K60,GGGGGGGGGGGGGGGGGGGGGGGGGGGGGGGGGGGGGGGGGGGGGGGGGGGGGGGGGGGGEEEEEEEEEEEEEEEEEEEEEEEEEEEEEEEEEEEEEEEE,1121,0.7136485280999108,552,438,131,0.4924174843889384,0.3907225691347011,0.1168599464763603
8b95552f-abd6-40bf-9126-a20db4a51a4d,all,100,switch_K65,GGGGGGGGGGGGGGGGGGGGGGGGGGGGGGGGGGGGGGGGGGGGGGGGGGGGGGGGGGGGGGGGGEEEEEEEEEEEEEEEEEEEEEEEEEEEEEEEEEEE,1121,0.7216770740410348,565,436,120,0.504014272970562,0.3889384478144513,0.1070472792149866
8b95552f-abd6-40bf-9126-a20db4a51a4d,all,100,switch_K70,GGGGGGGGGGGGGGGGGGGGGGGGGGGGGGGGGGGGGGGGGGGGGGGGGGGGGGGGGGGGGGGGGGGGGGEEEEEEEEEEEEEEEEEEEEEEEEEEEEEE,1121,0.7225691347011597,566,443,112,0.5049063336306869,0.3951828724353256,0.0999107939339875
8b95552f-abd6-40bf-9126-a20db4a51a4d,all,100,switch_K75,GGGGGGGGGGGGGGGGGGGGGGGGGGGGGGGGGGGGGGGGGGGGGGGGGGGGGGGGGGGGGGGGGGGGGGGGGGGEEEEEEEEEEEEEEEEEEEEEEEEE,1121,0.7234611953612846,568,460,93,0.5066904549509367,0.4103479036574487,0.0829616413916146
8b95552f-abd6-40bf-9126-a20db4a51a4d,all,100,switch_K80,GGGGGGGGGGGGGGGGGGGGGGGGGGGGGGGGGGGGGGGGGGGGGGGGGGGGGGGGGGGGGGGGGGGGGGGGGGGGGGGGEEEEEEEEEEEEEEEEEEEE,1121,0.7297056199821588,569,466,86,0.5075825156110616,0.415700267618198,0.0767172167707404
8b95552f-abd6-40bf-9126-a20db4a51a4d,all,100,switch_K85,GGGGGGGGGGGGGGGGGGGGGGGGGGGGGGGGGGGGGGGGGGGGGGGGGGGGGGGGGGGGGGGGGGGGGGGGGGGGGGGGGGGGGEEEEEEEEEEEEEEE,1121,0.7288135593220338,569,473,79,0.5075825156110616,0.4219446922390722,0.0704727921498662
8b95552f-abd6-40bf-9126-a20db4a51a4d,all,100,switch_K90,GGGGGGGGGGGGGGGGGGGGGGGGGGGGGGGGGGGGGGGGGGGGGGGGGGGGGGGGGGGGGGGGGGGGGGGGGGGGGGGGGGGGGGGGGGEEEEEEEEEE,1121,0.7404103479036575,566,480,75,0.5049063336306869,0.4281891168599465,0.0669045495093666
8b95552f-abd6-40bf-9126-a20db4a51a4d,all,100,switch_K95,GGGGGGGGGGGGGGGGGGGGGGGGGGGGGGGGGGGGGGGGGGGGGGGGGGGGGGGGGGGGGGGGGGGGGGGGGGGGGGGGGGGGGGGGGGGGGGGEEEEE,1121,0.7395182872435325,569,477,75,0.5075825156110616,0.4255129348795718,0.0669045495093666
8b95552f-abd6-40bf-9126-a20db4a51a4d,all,100,switch_K100,GGGGGGGGGGGGGGGGGGGGGGGGGGGGGGGGGGGGGGGGGGGGGGGGGGGGGGGGGGGGGGGGGGGGGGGGGGGGGGGGGGGGGGGGGGGGGGGGGGGG,1121,0.7404103479036575,576,463,82,0.5138269402319358,0.4130240856378234,0.0731489741302408
ca8f150a-6dc0-4aca-bee3-4ef74933b244,dfr,100,switch_K0,EEEEEEEEEEEEEEEEEEEEEEEEEEEEEEEEEEEEEEEEEEEEEEEEEEEEEEEEEEEEEEEEEEEEEEEEEEEEEEEEEEEEEEEEEEEEEEEEEEEE,1019,0.7203140333660452,452,354,213,0.4435721295387635,0.3473994111874386,0.2090284592737978
ca8f150a-6dc0-4aca-bee3-4ef74933b244,dfr,100,switch_K5,GGGGGEEEEEEEEEEEEEEEEEEEEEEEEEEEEEEEEEEEEEEEEEEEEEEEEEEEEEEEEEEEEEEEEEEEEEEEEEEEEEEEEEEEEEEEEEEEEEEE,1019,0.718351324828263,457,364,198,0.4484789008832188,0.3572129538763494,0.1943081452404318
ca8f150a-6dc0-4aca-bee3-4ef74933b244,dfr,100,switch_K10,GGGGGGGGGGEEEEEEEEEEEEEEEEEEEEEEEEEEEEEEEEEEEEEEEEEEEEEEEEEEEEEEEEEEEEEEEEEEEEEEEEEEEEEEEEEEEEEEEEEE,1019,0.7212953876349362,463,377,179,0.4543670264965652,0.3699705593719333,0.1756624141315014
ca8f150a-6dc0-4aca-bee3-4ef74933b244,dfr,100,switch_K15,GGGGGGGGGGGGGGGEEEEEEEEEEEEEEEEEEEEEEEEEEEEEEEEEEEEEEEEEEEEEEEEEEEEEEEEEEEEEEEEEEEEEEEEEEEEEEEEEEEEE,1019,0.7222767419038273,474,382,163,0.465161923454367,0.3748773307163886,0.1599607458292443
ca8f150a-6dc0-4aca-bee3-4ef74933b244,dfr,100,switch_K20,GGGGGGGGGGGGGGGGGGGGEEEEEEEEEEEEEEEEEEEEEEEEEEEEEEEEEEEEEEEEEEEEEEEEEEEEEEEEEEEEEEEEEEEEEEEEEEEEEEEE,1019,0.7242394504416094,478,392,149,0.4690873405299313,0.3846908734052993,0.1462217860647693
ca8f150a-6dc0-4aca-bee3-4ef74933b244,dfr,100,switch_K25,GGGGGGGGGGGGGGGGGGGGGGGGGEEEEEEEEEEEEEEEEEEEEEEEEEEEEEEEEEEEEEEEEEEEEEEEEEEEEEEEEEEEEEEEEEEEEEEEEEEE,1019,0.7262021589793916,493,394,132,0.4838076545632973,0.3866535819430814,0.1295387634936212
ca8f150a-6dc0-4aca-bee3-4ef74933b244,dfr,100,switch_K30,GGGGGGGGGGGGGGGGGGGGGGGGGGGGGGEEEEEEEEEEEEEEEEEEEEEEEEEEEEEEEEEEEEEEEEEEEEEEEEEEEEEEEEEEEEEEEEEEEEEE,1019,0.7232580961727183,505,394,120,0.4955839057899902,0.3866535819430814,0.1177625122669283
ca8f150a-6dc0-4aca-bee3-4ef74933b244,dfr,100,switch_K35,GGGGGGGGGGGGGGGGGGGGGGGGGGGGGGGGGGGEEEEEEEEEEEEEEEEEEEEEEEEEEEEEEEEEEEEEEEEEEEEEEEEEEEEEEEEEEEEEEEEE,1019,0.7271835132482827,511,399,109,0.5014720314033366,0.3915603532875368,0.1069676153091266
ca8f150a-6dc0-4aca-bee3-4ef74933b244,dfr,100,switch_K40,GGGGGGGGGGGGGGGGGGGGGGGGGGGGGGGGGGGGGGGGEEEEEEEEEEEEEEEEEEEEEEEEEEEEEEEEEEEEEEEEEEEEEEEEEEEEEEEEEEEE,1019,0.7281648675171737,521,401,97,0.5112855740922473,0.3935230618253189,0.0951913640824337
ca8f150a-6dc0-4aca-bee3-4ef74933b244,dfr,100,switch_K45,GGGGGGGGGGGGGGGGGGGGGGGGGGGGGGGGGGGGGGGGGGGGGEEEEEEEEEEEEEEEEEEEEEEEEEEEEEEEEEEEEEEEEEEEEEEEEEEEEEEE,1019,0.7281648675171737,536,395,88,0.5260058881256133,0.3876349362119725,0.0863591756624141
ca8f150a-6dc0-4aca-bee3-4ef74933b244,dfr,100,switch_K50,GGGGGGGGGGGGGGGGGGGGGGGGGGGGGGGGGGGGGGGGGGGGGGGGGGEEEEEEEEEEEEEEEEEEEEEEEEEEEEEEEEEEEEEEEEEEEEEEEEEE,1019,0.7242394504416094,543,398,78,0.5328753680078508,0.3905789990186457,0.0765456329735034
ca8f150a-6dc0-4aca-bee3-4ef74933b244,dfr,100,switch_K55,GGGGGGGGGGGGGGGGGGGGGGGGGGGGGGGGGGGGGGGGGGGGGGGGGGGGGGGEEEEEEEEEEEEEEEEEEEEEEEEEEEEEEEEEEEEEEEEEEEEE,1019,0.7242394504416094,551,398,70,0.5407262021589794,0.3905789990186457,0.0686947988223748
ca8f150a-6dc0-4aca-bee3-4ef74933b244,dfr,100,switch_K60,GGGGGGGGGGGGGGGGGGGGGGGGGGGGGGGGGGGGGGGGGGGGGGGGGGGGGGGGGGGGEEEEEEEEEEEEEEEEEEEEEEEEEEEEEEEEEEEEEEEE,1019,0.7242394504416094,558,400,61,0.5475956820412169,0.3925417075564278,0.0598626104023552
ca8f150a-6dc0-4aca-bee3-4ef74933b244,dfr,100,switch_K65,GGGGGGGGGGGGGGGGGGGGGGGGGGGGGGGGGGGGGGGGGGGGGGGGGGGGGGGGGGGGGGGGGEEEEEEEEEEEEEEEEEEEEEEEEEEEEEEEEEEE,1019,0.719332679097154,559,408,52,0.5485770363101079,0.4003925417075564,0.0510304219823356
ca8f150a-6dc0-4aca-bee3-4ef74933b244,dfr,100,switch_K70,GGGGGGGGGGGGGGGGGGGGGGGGGGGGGGGGGGGGGGGGGGGGGGGGGGGGGGGGGGGGGGGGGGGGGGEEEEEEEEEEEEEEEEEEEEEEEEEEEEEE,1019,0.7144259077526988,579,395,45,0.5682041216879293,0.3876349362119725,0.0441609421000981
ca8f150a-6dc0-4aca-bee3-4ef74933b244,dfr,100,switch_K75,GGGGGGGGGGGGGGGGGGGGGGGGGGGGGGGGGGGGGGGGGGGGGGGGGGGGGGGGGGGGGGGGGGGGGGGGGGGEEEEEEEEEEEEEEEEEEEEEEEEE,1019,0.7134445534838076,595,384,40,0.5839057899901865,0.3768400392541707,0.0392541707556427
ca8f150a-6dc0-4aca-bee3-4ef74933b244,dfr,100,switch_K80,GGGGGGGGGGGGGGGGGGGGGGGGGGGGGGGGGGGGGGGGGGGGGGGGGGGGGGGGGGGGGGGGGGGGGGGGGGGGGGGGEEEEEEEEEEEEEEEEEEEE,1019,0.7114818449460255,614,368,37,0.6025515210991168,0.3611383709519136,0.0363101079489695
ca8f150a-6dc0-4aca-bee3-4ef74933b244,dfr,100,switch_K85,GGGGGGGGGGGGGGGGGGGGGGGGGGGGGGGGGGGGGGGGGGGGGGGGGGGGGGGGGGGGGGGGGGGGGGGGGGGGGGGGGGGGGEEEEEEEEEEEEEEE,1019,0.6947988223748773,622,363,34,0.6104023552502453,0.3562315996074583,0.0333660451422963
ca8f150a-6dc0-4aca-bee3-4ef74933b244,dfr,100,switch_K90,GGGGGGGGGGGGGGGGGGGGGGGGGGGGGGGGGGGGGGGGGGGGGGGGGGGGGGGGGGGGGGGGGGGGGGGGGGGGGGGGGGGGGGGGGGEEEEEEEEEE,1019,0.689892051030422,631,355,33,0.619234543670265,0.3483807654563297,0.0323846908734053
ca8f150a-6dc0-4aca-bee3-4ef74933b244,dfr,100,switch_K95,GGGGGGGGGGGGGGGGGGGGGGGGGGGGGGGGGGGGGGGGGGGGGGGGGGGGGGGGGGGGGGGGGGGGGGGGGGGGGGGGGGGGGGGGGGGGGGGEEEEE,1019,0.6800785083415113,634,354,31,0.6221786064769381,0.3473994111874386,0.0304219823356231
ca8f150a-6dc0-4aca-bee3-4ef74933b244,dfr,100,switch_K100,GGGGGGGGGGGGGGGGGGGGGGGGGGGGGGGGGGGGGGGGGGGGGGGGGGGGGGGGGGGGGGGGGGGGGGGGGGGGGGGGGGGGGGGGGGGGGGGGGGGG,1019,0.6790971540726202,643,348,28,0.6310107948969578,0.3415112855740922,0.0274779195289499
628f2ad4-e820-45ae-ac84-94fb01183ebc,bla,100,switch_K0,EEEEEEEEEEEEEEEEEEEEEEEEEEEEEEEEEEEEEEEEEEEEEEEEEEEEEEEEEEEEEEEEEEEEEEEEEEEEEEEEEEEEEEEEEEEEEEEEEEEE,1010,0.3524752475247524,722,119,169,0.7148514851485148,0.1178217821782178,0.1673267326732673
628f2ad4-e820-45ae-ac84-94fb01183ebc,bla,100,switch_K5,GGGGGEEEEEEEEEEEEEEEEEEEEEEEEEEEEEEEEEEEEEEEEEEEEEEEEEEEEEEEEEEEEEEEEEEEEEEEEEEEEEEEEEEEEEEEEEEEEEEE,1010,0.3564356435643564,723,119,168,0.7158415841584158,0.1178217821782178,0.1663366336633663
628f2ad4-e820-45ae-ac84-94fb01183ebc,bla,100,switch_K10,GGGGGGGGGGEEEEEEEEEEEEEEEEEEEEEEEEEEEEEEEEEEEEEEEEEEEEEEEEEEEEEEEEEEEEEEEEEEEEEEEEEEEEEEEEEEEEEEEEEE,1010,0.3564356435643564,723,124,163,0.7158415841584158,0.1227722772277227,0.1613861386138614
628f2ad4-e820-45ae-ac84-94fb01183ebc,bla,100,switch_K15,GGGGGGGGGGGGGGGEEEEEEEEEEEEEEEEEEEEEEEEEEEEEEEEEEEEEEEEEEEEEEEEEEEEEEEEEEEEEEEEEEEEEEEEEEEEEEEEEEEEE,1010,0.3554455445544554,724,135,151,0.7168316831683168,0.1336633663366336,0.1495049504950495
628f2ad4-e820-45ae-ac84-94fb01183ebc,bla,100,switch_K20,GGGGGGGGGGGGGGGGGGGGEEEEEEEEEEEEEEEEEEEEEEEEEEEEEEEEEEEEEEEEEEEEEEEEEEEEEEEEEEEEEEEEEEEEEEEEEEEEEEEE,1010,0.3495049504950495,726,141,143,0.7188118811881188,0.1396039603960396,0.1415841584158415
628f2ad4-e820-45ae-ac84-94fb01183ebc,bla,100,switch_K25,GGGGGGGGGGGGGGGGGGGGGGGGGEEEEEEEEEEEEEEEEEEEEEEEEEEEEEEEEEEEEEEEEEEEEEEEEEEEEEEEEEEEEEEEEEEEEEEEEEEE,1010,0.3504950495049505,730,151,129,0.7227722772277227,0.1495049504950495,0.1277227722772277
628f2ad4-e820-45ae-ac84-94fb01183ebc,bla,100,switch_K30,GGGGGGGGGGGGGGGGGGGGGGGGGGGGGGEEEEEEEEEEEEEEEEEEEEEEEEEEEEEEEEEEEEEEEEEEEEEEEEEEEEEEEEEEEEEEEEEEEEEE,1010,0.3504950495049505,736,154,120,0.7287128712871287,0.1524752475247524,0.1188118811881188
628f2ad4-e820-45ae-ac84-94fb01183ebc,bla,100,switch_K35,GGGGGGGGGGGGGGGGGGGGGGGGGGGGGGGGGGGEEEEEEEEEEEEEEEEEEEEEEEEEEEEEEEEEEEEEEEEEEEEEEEEEEEEEEEEEEEEEEEEE,1010,0.3514851485148514,744,151,115,0.7366336633663366,0.1495049504950495,0.1138613861386138
628f2ad4-e820-45ae-ac84-94fb01183ebc,bla,100,switch_K40,GGGGGGGGGGGGGGGGGGGGGGGGGGGGGGGGGGGGGGGGEEEEEEEEEEEEEEEEEEEEEEEEEEEEEEEEEEEEEEEEEEEEEEEEEEEEEEEEEEEE,1010,0.3524752475247524,750,150,110,0.7425742574257426,0.1485148514851485,0.1089108910891089
628f2ad4-e820-45ae-ac84-94fb01183ebc,bla,100,switch_K45,GGGGGGGGGGGGGGGGGGGGGGGGGGGGGGGGGGGGGGGGGGGGGEEEEEEEEEEEEEEEEEEEEEEEEEEEEEEEEEEEEEEEEEEEEEEEEEEEEEEE,1010,0.3495049504950495,760,147,103,0.7524752475247525,0.1455445544554455,0.1019801980198019
628f2ad4-e820-45ae-ac84-94fb01183ebc,bla,100,switch_K50,GGGGGGGGGGGGGGGGGGGGGGGGGGGGGGGGGGGGGGGGGGGGGGGGGGEEEEEEEEEEEEEEEEEEEEEEEEEEEEEEEEEEEEEEEEEEEEEEEEEE,1010,0.3514851485148514,769,145,96,0.7613861386138614,0.1435643564356435,0.095049504950495
628f2ad4-e820-45ae-ac84-94fb01183ebc,bla,100,switch_K55,GGGGGGGGGGGGGGGGGGGGGGGGGGGGGGGGGGGGGGGGGGGGGGGGGGGGGGGEEEEEEEEEEEEEEEEEEEEEEEEEEEEEEEEEEEEEEEEEEEEE,1010,0.3445544554455445,777,145,88,0.7693069306930693,0.1435643564356435,0.0871287128712871
628f2ad4-e820-45ae-ac84-94fb01183ebc,bla,100,switch_K60,GGGGGGGGGGGGGGGGGGGGGGGGGGGGGGGGGGGGGGGGGGGGGGGGGGGGGGGGGGGGEEEEEEEEEEEEEEEEEEEEEEEEEEEEEEEEEEEEEEEE,1010,0.3415841584158416,781,152,77,0.7732673267326733,0.1504950495049505,0.0762376237623762
628f2ad4-e820-45ae-ac84-94fb01183ebc,bla,100,switch_K65,GGGGGGGGGGGGGGGGGGGGGGGGGGGGGGGGGGGGGGGGGGGGGGGGGGGGGGGGGGGGGGGGGEEEEEEEEEEEEEEEEEEEEEEEEEEEEEEEEEEE,1010,0.3396039603960396,783,153,74,0.7752475247524753,0.1514851485148514,0.0732673267326732
628f2ad4-e820-45ae-ac84-94fb01183ebc,bla,100,switch_K70,GGGGGGGGGGGGGGGGGGGGGGGGGGGGGGGGGGGGGGGGGGGGGGGGGGGGGGGGGGGGGGGGGGGGGGEEEEEEEEEEEEEEEEEEEEEEEEEEEEEE,1010,0.3396039603960396,790,152,68,0.7821782178217822,0.1504950495049505,0.0673267326732673
628f2ad4-e820-45ae-ac84-94fb01183ebc,bla,100,switch_K75,GGGGGGGGGGGGGGGGGGGGGGGGGGGGGGGGGGGGGGGGGGGGGGGGGGGGGGGGGGGGGGGGGGGGGGGGGGGEEEEEEEEEEEEEEEEEEEEEEEEE,1010,0.3504950495049505,787,162,61,0.7792079207920792,0.1603960396039604,0.0603960396039603
628f2ad4-e820-45ae-ac84-94fb01183ebc,bla,100,switch_K80,GGGGGGGGGGGGGGGGGGGGGGGGGGGGGGGGGGGGGGGGGGGGGGGGGGGGGGGGGGGGGGGGGGGGGGGGGGGGGGGGEEEEEEEEEEEEEEEEEEEE,1010,0.3554455445544554,797,159,54,0.7891089108910891,0.1574257425742574,0.0534653465346534
628f2ad4-e820-45ae-ac84-94fb01183ebc,bla,100,switch_K85,GGGGGGGGGGGGGGGGGGGGGGGGGGGGGGGGGGGGGGGGGGGGGGGGGGGGGGGGGGGGGGGGGGGGGGGGGGGGGGGGGGGGGEEEEEEEEEEEEEEE,1010,0.3663366336633663,799,163,48,0.7910891089108911,0.1613861386138614,0.0475247524752475
628f2ad4-e820-45ae-ac84-94fb01183ebc,bla,100,switch_K90,GGGGGGGGGGGGGGGGGGGGGGGGGGGGGGGGGGGGGGGGGGGGGGGGGGGGGGGGGGGGGGGGGGGGGGGGGGGGGGGGGGGGGGGGGGEEEEEEEEEE,1010,0.3732673267326732,794,171,45,0.7861386138613862,0.1693069306930693,0.0445544554455445
628f2ad4-e820-45ae-ac84-94fb01183ebc,bla,100,switch_K95,GGGGGGGGGGGGGGGGGGGGGGGGGGGGGGGGGGGGGGGGGGGGGGGGGGGGGGGGGGGGGGGGGGGGGGGGGGGGGGGGGGGGGGGGGGGGGGGEEEEE,1010,0.3841584158415841,783,184,43,0.7752475247524753,0.1821782178217821,0.0425742574257425
628f2ad4-e820-45ae-ac84-94fb01183ebc,bla,100,switch_K100,GGGGGGGGGGGGGGGGGGGGGGGGGGGGGGGGGGGGGGGGGGGGGGGGGGGGGGGGGGGGGGGGGGGGGGGGGGGGGGGGGGGGGGGGGGGGGGGGGGGG,1010,0.398019801980198,781,189,40,0.7732673267326733,0.1871287128712871,0.0396039603960396
5446cc31-9fb2-4a65-b853-6be15b998f7f,aa,100,switch_K0,EEEEEEEEEEEEEEEEEEEEEEEEEEEEEEEEEEEEEEEEEEEEEEEEEEEEEEEEEEEEEEEEEEEEEEEEEEEEEEEEEEEEEEEEEEEEEEEEEEEE,1048,0.7652671755725191,359,287,402,0.3425572519083969,0.2738549618320611,0.383587786259542
5446cc31-9fb2-4a65-b853-6be15b998f7f,aa,100,switch_K5,GGGGGEEEEEEEEEEEEEEEEEEEEEEEEEEEEEEEEEEEEEEEEEEEEEEEEEEEEEEEEEEEEEEEEEEEEEEEEEEEEEEEEEEEEEEEEEEEEEEE,1048,0.7709923664122137,358,301,389,0.3416030534351145,0.2872137404580153,0.3711832061068702
5446cc31-9fb2-4a65-b853-6be15b998f7f,aa,100,switch_K10,GGGGGGGGGGEEEEEEEEEEEEEEEEEEEEEEEEEEEEEEEEEEEEEEEEEEEEEEEEEEEEEEEEEEEEEEEEEEEEEEEEEEEEEEEEEEEEEEEEEE,1048,0.7757633587786259,358,317,373,0.3416030534351145,0.3024809160305343,0.3559160305343511
5446cc31-9fb2-4a65-b853-6be15b998f7f,aa,100,switch_K15,GGGGGGGGGGGGGGGEEEEEEEEEEEEEEEEEEEEEEEEEEEEEEEEEEEEEEEEEEEEEEEEEEEEEEEEEEEEEEEEEEEEEEEEEEEEEEEEEEEEE,1048,0.7843511450381679,352,335,361,0.3358778625954198,0.3196564885496183,0.3444656488549618
5446cc31-9fb2-4a65-b853-6be15b998f7f,aa,100,switch_K20,GGGGGGGGGGGGGGGGGGGGEEEEEEEEEEEEEEEEEEEEEEEEEEEEEEEEEEEEEEEEEEEEEEEEEEEEEEEEEEEEEEEEEEEEEEEEEEEEEEEE,1048,0.7958015267175572,356,345,347,0.3396946564885496,0.3291984732824427,0.3311068702290076
5446cc31-9fb2-4a65-b853-6be15b998f7f,aa,100,switch_K25,GGGGGGGGGGGGGGGGGGGGGGGGGEEEEEEEEEEEEEEEEEEEEEEEEEEEEEEEEEEEEEEEEEEEEEEEEEEEEEEEEEEEEEEEEEEEEEEEEEEE,1048,0.8024809160305344,366,356,326,0.349236641221374,0.3396946564885496,0.3110687022900763
5446cc31-9fb2-4a65-b853-6be15b998f7f,aa,100,switch_K30,GGGGGGGGGGGGGGGGGGGGGGGGGGGGGGEEEEEEEEEEEEEEEEEEEEEEEEEEEEEEEEEEEEEEEEEEEEEEEEEEEEEEEEEEEEEEEEEEEEEE,1048,0.8101145038167938,367,378,303,0.3501908396946565,0.3606870229007634,0.2891221374045801
5446cc31-9fb2-4a65-b853-6be15b998f7f,aa,100,switch_K35,GGGGGGGGGGGGGGGGGGGGGGGGGGGGGGGGGGGEEEEEEEEEEEEEEEEEEEEEEEEEEEEEEEEEEEEEEEEEEEEEEEEEEEEEEEEEEEEEEEEE,1048,0.8177480916030534,368,402,278,0.3511450381679389,0.383587786259542,0.2652671755725191
5446cc31-9fb2-4a65-b853-6be15b998f7f,aa,100,switch_K40,GGGGGGGGGGGGGGGGGGGGGGGGGGGGGGGGGGGGGGGGEEEEEEEEEEEEEEEEEEEEEEEEEEEEEEEEEEEEEEEEEEEEEEEEEEEEEEEEEEEE,1048,0.8301526717557252,364,431,253,0.3473282442748092,0.4112595419847328,0.241412213740458
5446cc31-9fb2-4a65-b853-6be15b998f7f,aa,100,switch_K45,GGGGGGGGGGGGGGGGGGGGGGGGGGGGGGGGGGGGGGGGGGGGGEEEEEEEEEEEEEEEEEEEEEEEEEEEEEEEEEEEEEEEEEEEEEEEEEEEEEEE,1048,0.8311068702290076,366,446,236,0.349236641221374,0.4255725190839695,0.2251908396946564
5446cc31-9fb2-4a65-b853-6be15b998f7f,aa,100,switch_K50,GGGGGGGGGGGGGGGGGGGGGGGGGGGGGGGGGGGGGGGGGGGGGGGGGGEEEEEEEEEEEEEEEEEEEEEEEEEEEEEEEEEEEEEEEEEEEEEEEEEE,1048,0.8349236641221374,373,468,207,0.3559160305343511,0.4465648854961832,0.1975190839694656
5446cc31-9fb2-4a65-b853-6be15b998f7f,aa,100,switch_K55,GGGGGGGGGGGGGGGGGGGGGGGGGGGGGGGGGGGGGGGGGGGGGGGGGGGGGGGEEEEEEEEEEEEEEEEEEEEEEEEEEEEEEEEEEEEEEEEEEEEE,1048,0.8349236641221374,370,485,193,0.3530534351145038,0.4627862595419847,0.1841603053435114
5446cc31-9fb2-4a65-b853-6be15b998f7f,aa,100,switch_K60,GGGGGGGGGGGGGGGGGGGGGGGGGGGGGGGGGGGGGGGGGGGGGGGGGGGGGGGGGGGGEEEEEEEEEEEEEEEEEEEEEEEEEEEEEEEEEEEEEEEE,1048,0.8377862595419847,373,500,175,0.3559160305343511,0.4770992366412214,0.1669847328244274
5446cc31-9fb2-4a65-b853-6be15b998f7f,aa,100,switch_K65,GGGGGGGGGGGGGGGGGGGGGGGGGGGGGGGGGGGGGGGGGGGGGGGGGGGGGGGGGGGGGGGGGEEEEEEEEEEEEEEEEEEEEEEEEEEEEEEEEEEE,1048,0.8396946564885496,379,510,159,0.3616412213740458,0.4866412213740458,0.1517175572519083
5446cc31-9fb2-4a65-b853-6be15b998f7f,aa,100,switch_K70,GGGGGGGGGGGGGGGGGGGGGGGGGGGGGGGGGGGGGGGGGGGGGGGGGGGGGGGGGGGGGGGGGGGGGGEEEEEEEEEEEEEEEEEEEEEEEEEEEEEE,1048,0.8406488549618321,379,520,149,0.3616412213740458,0.4961832061068702,0.1421755725190839
5446cc31-9fb2-4a65-b853-6be15b998f7f,aa,100,switch_K75,GGGGGGGGGGGGGGGGGGGGGGGGGGGGGGGGGGGGGGGGGGGGGGGGGGGGGGGGGGGGGGGGGGGGGGGGGGGEEEEEEEEEEEEEEEEEEEEEEEEE,1048,0.8301526717557252,384,532,132,0.366412213740458,0.5076335877862596,0.1259541984732824
5446cc31-9fb2-4a65-b853-6be15b998f7f,aa,100,switch_K80,GGGGGGGGGGGGGGGGGGGGGGGGGGGGGGGGGGGGGGGGGGGGGGGGGGGGGGGGGGGGGGGGGGGGGGGGGGGGGGGGEEEEEEEEEEEEEEEEEEEE,1048,0.8263358778625954,395,529,124,0.3769083969465648,0.5047709923664122,0.1183206106870229
5446cc31-9fb2-4a65-b853-6be15b998f7f,aa,100,switch_K85,GGGGGGGGGGGGGGGGGGGGGGGGGGGGGGGGGGGGGGGGGGGGGGGGGGGGGGGGGGGGGGGGGGGGGGGGGGGGGGGGGGGGGEEEEEEEEEEEEEEE,1048,0.8177480916030534,400,525,123,0.3816793893129771,0.5009541984732825,0.1173664122137404
5446cc31-9fb2-4a65-b853-6be15b998f7f,aa,100,switch_K90,GGGGGGGGGGGGGGGGGGGGGGGGGGGGGGGGGGGGGGGGGGGGGGGGGGGGGGGGGGGGGGGGGGGGGGGGGGGGGGGGGGGGGGGGGGEEEEEEEEEE,1048,0.8120229007633588,412,509,127,0.3931297709923664,0.4856870229007634,0.1211832061068702
5446cc31-9fb2-4a65-b853-6be15b998f7f,aa,100,switch_K95,GGGGGGGGGGGGGGGGGGGGGGGGGGGGGGGGGGGGGGGGGGGGGGGGGGGGGGGGGGGGGGGGGGGGGGGGGGGGGGGGGGGGGGGGGGGGGGGEEEEE,1048,0.808206106870229,423,500,125,0.4036259541984733,0.4770992366412214,0.1192748091603053
5446cc31-9fb2-4a65-b853-6be15b998f7f,aa,100,switch_K100,GGGGGGGGGGGGGGGGGGGGGGGGGGGGGGGGGGGGGGGGGGGGGGGGGGGGGGGGGGGGGGGGGGGGGGGGGGGGGGGGGGGGGGGGGGGGGGGGGGGG,1048,0.8053435114503816,443,470,135,0.4227099236641221,0.4484732824427481,0.1288167938931297
beecfefd-7cb0-42ce-9355-a80217f8ef93,mix,100,switch_K0,EEEEEEEEEEEEEEEEEEEEEEEEEEEEEEEEEEEEEEEEEEEEEEEEEEEEEEEEEEEEEEEEEEEEEEEEEEEEEEEEEEEEEEEEEEEEEEEEEEEE,1022,0.6389432485322897,481,213,328,0.4706457925636008,0.2084148727984344,0.3209393346379647
beecfefd-7cb0-42ce-9355-a80217f8ef93,mix,100,switch_K5,GGGGGEEEEEEEEEEEEEEEEEEEEEEEEEEEEEEEEEEEEEEEEEEEEEEEEEEEEEEEEEEEEEEEEEEEEEEEEEEEEEEEEEEEEEEEEEEEEEEE,1022,0.6438356164383562,479,227,316,0.4686888454011741,0.2221135029354207,0.309197651663405
beecfefd-7cb0-42ce-9355-a80217f8ef93,mix,100,switch_K10,GGGGGGGGGGEEEEEEEEEEEEEEEEEEEEEEEEEEEEEEEEEEEEEEEEEEEEEEEEEEEEEEEEEEEEEEEEEEEEEEEEEEEEEEEEEEEEEEEEEE,1022,0.6526418786692759,474,253,295,0.4637964774951076,0.2475538160469667,0.2886497064579256
beecfefd-7cb0-42ce-9355-a80217f8ef93,mix,100,switch_K15,GGGGGGGGGGGGGGGEEEEEEEEEEEEEEEEEEEEEEEEEEEEEEEEEEEEEEEEEEEEEEEEEEEEEEEEEEEEEEEEEEEEEEEEEEEEEEEEEEEEE,1022,0.6585127201565558,474,268,280,0.4637964774951076,0.2622309197651663,0.273972602739726
beecfefd-7cb0-42ce-9355-a80217f8ef93,mix,100,switch_K20,GGGGGGGGGGGGGGGGGGGGEEEEEEEEEEEEEEEEEEEEEEEEEEEEEEEEEEEEEEEEEEEEEEEEEEEEEEEEEEEEEEEEEEEEEEEEEEEEEEEE,1022,0.6585127201565558,478,285,259,0.4677103718199608,0.2788649706457926,0.2534246575342466
beecfefd-7cb0-42ce-9355-a80217f8ef93,mix,100,switch_K25,GGGGGGGGGGGGGGGGGGGGGGGGGEEEEEEEEEEEEEEEEEEEEEEEEEEEEEEEEEEEEEEEEEEEEEEEEEEEEEEEEEEEEEEEEEEEEEEEEEEE,1022,0.6663405088062623,478,301,243,0.4677103718199608,0.2945205479452055,0.2377690802348336
beecfefd-7cb0-42ce-9355-a80217f8ef93,mix,100,switch_K30,GGGGGGGGGGGGGGGGGGGGGGGGGGGGGGEEEEEEEEEEEEEEEEEEEEEEEEEEEEEEEEEEEEEEEEEEEEEEEEEEEEEEEEEEEEEEEEEEEEEE,1022,0.6790606653620352,479,316,227,0.4686888454011741,0.309197651663405,0.2221135029354207
beecfefd-7cb0-42ce-9355-a80217f8ef93,mix,100,switch_K35,GGGGGGGGGGGGGGGGGGGGGGGGGGGGGGGGGGGEEEEEEEEEEEEEEEEEEEEEEEEEEEEEEEEEEEEEEEEEEEEEEEEEEEEEEEEEEEEEEEEE,1022,0.6868884540117417,480,343,199,0.4696673189823874,0.3356164383561644,0.1947162426614481
beecfefd-7cb0-42ce-9355-a80217f8ef93,mix,100,switch_K40,GGGGGGGGGGGGGGGGGGGGGGGGGGGGGGGGGGGGGGGGEEEEEEEEEEEEEEEEEEEEEEEEEEEEEEEEEEEEEEEEEEEEEEEEEEEEEEEEEEEE,1022,0.6898238747553816,496,353,173,0.4853228962818003,0.3454011741682974,0.1692759295499021
beecfefd-7cb0-42ce-9355-a80217f8ef93,mix,100,switch_K45,GGGGGGGGGGGGGGGGGGGGGGGGGGGGGGGGGGGGGGGGGGGGGEEEEEEEEEEEEEEEEEEEEEEEEEEEEEEEEEEEEEEEEEEEEEEEEEEEEEEE,1022,0.6927592954990215,506,367,149,0.4951076320939334,0.3590998043052837,0.1457925636007827
beecfefd-7cb0-42ce-9355-a80217f8ef93,mix,100,switch_K50,GGGGGGGGGGGGGGGGGGGGGGGGGGGGGGGGGGGGGGGGGGGGGGGGGGEEEEEEEEEEEEEEEEEEEEEEEEEEEEEEEEEEEEEEEEEEEEEEEEEE,1022,0.7025440313111546,507,391,124,0.4960861056751467,0.3825831702544031,0.12133072407045
beecfefd-7cb0-42ce-9355-a80217f8ef93,mix,100,switch_K55,GGGGGGGGGGGGGGGGGGGGGGGGGGGGGGGGGGGGGGGGGGGGGGGGGGGGGGGEEEEEEEEEEEEEEEEEEEEEEEEEEEEEEEEEEEEEEEEEEEEE,1022,0.7191780821917808,513,405,104,0.5019569471624267,0.3962818003913894,0.1017612524461839
beecfefd-7cb0-42ce-9355-a80217f8ef93,mix,100,switch_K60,GGGGGGGGGGGGGGGGGGGGGGGGGGGGGGGGGGGGGGGGGGGGGGGGGGGGGGGGGGGGEEEEEEEEEEEEEEEEEEEEEEEEEEEEEEEEEEEEEEEE,1022,0.726027397260274,522,423,77,0.5107632093933464,0.4138943248532289,0.0753424657534246
beecfefd-7cb0-42ce-9355-a80217f8ef93,mix,100,switch_K65,GGGGGGGGGGGGGGGGGGGGGGGGGGGGGGGGGGGGGGGGGGGGGGGGGGGGGGGGGGGGGGGGGEEEEEEEEEEEEEEEEEEEEEEEEEEEEEEEEEEE,1022,0.7270058708414873,526,437,59,0.5146771037181996,0.4275929549902152,0.0577299412915851
beecfefd-7cb0-42ce-9355-a80217f8ef93,mix,100,switch_K70,GGGGGGGGGGGGGGGGGGGGGGGGGGGGGGGGGGGGGGGGGGGGGGGGGGGGGGGGGGGGGGGGGGGGGGEEEEEEEEEEEEEEEEEEEEEEEEEEEEEE,1022,0.7338551859099804,525,448,49,0.5136986301369864,0.4383561643835616,0.047945205479452
beecfefd-7cb0-42ce-9355-a80217f8ef93,mix,100,switch_K75,GGGGGGGGGGGGGGGGGGGGGGGGGGGGGGGGGGGGGGGGGGGGGGGGGGGGGGGGGGGGGGGGGGGGGGGGGGGEEEEEEEEEEEEEEEEEEEEEEEEE,1022,0.7426614481409002,527,449,46,0.5156555772994129,0.4393346379647749,0.0450097847358121
beecfefd-7cb0-42ce-9355-a80217f8ef93,mix,100,switch_K80,GGGGGGGGGGGGGGGGGGGGGGGGGGGGGGGGGGGGGGGGGGGGGGGGGGGGGGGGGGGGGGGGGGGGGGGGGGGGGGGGEEEEEEEEEEEEEEEEEEEE,1022,0.735812133072407,536,444,42,0.5244618395303327,0.4344422700587084,0.0410958904109589
beecfefd-7cb0-42ce-9355-a80217f8ef93,mix,100,switch_K85,GGGGGGGGGGGGGGGGGGGGGGGGGGGGGGGGGGGGGGGGGGGGGGGGGGGGGGGGGGGGGGGGGGGGGGGGGGGGGGGGGGGGGEEEEEEEEEEEEEEE,1022,0.7416829745596869,537,443,42,0.525440313111546,0.4334637964774951,0.0410958904109589
beecfefd-7cb0-42ce-9355-a80217f8ef93,mix,100,switch_K90,GGGGGGGGGGGGGGGGGGGGGGGGGGGGGGGGGGGGGGGGGGGGGGGGGGGGGGGGGGGGGGGGGGGGGGGGGGGGGGGGGGGGGGGGGGEEEEEEEEEE,1022,0.7446183953033269,539,433,50,0.5273972602739726,0.423679060665362,0.0489236790606653
beecfefd-7cb0-42ce-9355-a80217f8ef93,mix,100,switch_K95,GGGGGGGGGGGGGGGGGGGGGGGGGGGGGGGGGGGGGGGGGGGGGGGGGGGGGGGGGGGGGGGGGGGGGGGGGGGGGGGGGGGGGGGGGGGGGGGEEEEE,1022,0.7407045009784736,548,414,60,0.5362035225048923,0.4050880626223092,0.0587084148727984
beecfefd-7cb0-42ce-9355-a80217f8ef93,mix,100,switch_K100,GGGGGGGGGGGGGGGGGGGGGGGGGGGGGGGGGGGGGGGGGGGGGGGGGGGGGGGGGGGGGGGGGGGGGGGGGGGGGGGGGGGGGGGGGGGGGGGGGGGG,1022,0.7338551859099804,543,404,75,0.5313111545988258,0.3953033268101761,0.07338551859099804
